system_id,system_public_name,site_id,site_public_name,site_location,site_latitude,site_longitude,site_elevation,area,power,started_on,climate_type,av_temp,av_pressure,azimuth,tilt,tracking,model,manufacturer,type,quantity,sensors
4902,NIST_Ground_1,3197,s_NIST_G1,Gaithersburg MD,39.1319,-77.2141,138.0,,270.7,2014-07-29 07:59:00,Cfa,12.0,,180.0,20.0,f,NU-U235F2,Sharp,mono-Si,1152,measured_on & ac_current_other_inv_14538 & ac_current_other_inv_14538_2 & ac_current_other_inv_14538_3 & ac_energy_inv_14538 & ac_other_meter_1864 & ac_other_meter_1864_2 & ac_other_meter_1864_3 & ac_power_inv_14538 & ac_power_meter_1864 & ac_power_meter_1864_2 & ac_power_meter_1864_3 & ac_power_meter_1864_4 & ac_power_meter_1864_5 & ac_power_other_meter_1864 & ac_power_other_meter_1864_2 & ac_power_other_meter_1864_3 & ac_power_other_meter_1864_4 & ac_voltage_other_inv_14538 & ac_voltage_other_inv_14538_2 & ac_voltage_other_inv_14538_3 & ac_voltage_other_meter_1864 & ac_voltage_other_meter_1864_2 & ac_voltage_other_meter_1864_3 & ac_voltage_other_meter_1864_4 & ac_voltage_other_meter_1864_5 & ac_voltage_other_meter_1864_6 & battery_a_avg__82673 & battery_v_min__82672 & chgsource_min__82676 & chgstate_min__82675 & ckbatt_max__82677 & cr1000temp_c_avg__82591 & dc_power_inv_14538 & dc_voltage_other_inv_14538 & dc_voltage_other_inv_14538_2 & dooropen_min__82592 & irradiance_ghi_o_2202 & irradiance_poa_o_2203 & irradiance_poa_o_2204 & irradiance_poa_o_2206 & load_a_avg__82674 & qloss_ah_max__82678 & rtd_c_avg_10__82688 & rtd_c_avg_1__82679 & rtd_c_avg_2__82680 & rtd_c_avg_3__82681 & rtd_c_avg_4__82682 & rtd_c_avg_5__82683 & rtd_c_avg_6__82684 & rtd_c_avg_7__82685 & rtd_c_avg_8__82686 & rtd_c_avg_9__82687 & shuntcurrent_a_avg_1__82644 & shuntcurrent_a_avg_2__82645 & shuntcurrent_a_avg_3__82646 & shuntcurrent_a_avg_4__82647 & shuntcurrent_a_avg_5__82648 & shuntcurrent_a_avg_6__82649 & shuntcurrent_a_avg_7__82650 & shuntetot_kwh_max_1__82658 & shuntetot_kwh_max_2__82659 & shuntetot_kwh_max_3__82660 & shuntetot_kwh_max_4__82661 & shuntetot_kwh_max_5__82662 & shuntetot_kwh_max_6__82663 & shuntetot_kwh_max_7__82664 & shuntpdc_kw_avg_1__82651 & shuntpdc_kw_avg_2__82652 & shuntpdc_kw_avg_3__82653 & shuntpdc_kw_avg_4__82654 & shuntpdc_kw_avg_5__82655 & shuntpdc_kw_avg_6__82656 & shuntpdc_kw_avg_7__82657 & system_other_inv_14538 & system_other_inv_14538_10 & system_other_inv_14538_11 & system_other_inv_14538_2 & system_other_inv_14538_3 & system_other_inv_14538_4 & system_other_inv_14538_5 & system_other_inv_14538_6 & system_other_inv_14538_7 & system_other_inv_14538_8 & system_other_inv_14538_9 & system_other_meter_1864 & system_other_meter_1864_2 & system_other_meter_1864_3 & temperature_ambient_o_2205 & temperature_ambient_o_2206 & temperature_inverter_inv_14538 & temperature_module_o_2206 & wind_direction_o_2206 & wind_other_o_2206 & wind_other_o_2206_2 & wind_other_o_2206_3 & wind_other_o_2206_4 & wind_speed_o_2206 & wind_speed_o_2206_2 & system_id
4903,NIST_Roof_1,3198,s_NIST_R1,Gaithersburg MD,39.1354,-77.2156,149.0,,73.7,2014-07-29 07:59:00,Cfa,12.0,,180.0,10.0,f,NU-U235F2,Sharp,mono-Si,312,measured_on & ac_current_other_inv_14539 & ac_current_other_inv_14539_2 & ac_current_other_inv_14539_3 & ac_current_other_inv_14539_4 & ac_current_other_inv_14539_5 & ac_current_other_inv_14539_6 & ac_energy_inv_14539 & ac_energy_inv_14539_2 & ac_energy_inv_14539_3 & ac_other_inv_14539 & ac_other_meter_1865 & ac_other_meter_1865_2 & ac_other_meter_1865_3 & ac_power_inv_14539 & ac_power_meter_1865 & ac_power_meter_1865_2 & ac_power_meter_1865_3 & ac_power_meter_1865_4 & ac_power_meter_1865_5 & ac_power_other_inv_14539 & ac_power_other_inv_14539_2 & ac_power_other_meter_1865 & ac_power_other_meter_1865_2 & ac_power_other_meter_1865_3 & ac_power_other_meter_1865_4 & ac_voltage_other_inv_14539 & ac_voltage_other_inv_14539_2 & ac_voltage_other_inv_14539_3 & ac_voltage_other_inv_14539_4 & ac_voltage_other_inv_14539_5 & ac_voltage_other_meter_1865 & ac_voltage_other_meter_1865_2 & ac_voltage_other_meter_1865_3 & ac_voltage_other_meter_1865_4 & ac_voltage_other_meter_1865_5 & ac_voltage_other_meter_1865_6 & battery_a_avg__82785 & battery_v_min__82784 & chgsource_min__82788 & chgstate_min__82787 & ckbatt_max__82789 & cr1000temp_c_avg__82689 & dc_power_inv_14539 & dc_voltage_other_inv_14539 & dooropen_min__82690 & irradiance_ghi_o_2206 & irradiance_ghi_o_2207 & irradiance_ghi_o_2209 & irradiance_ghi_o_2210 & irradiance_ghi_o_2211 & irradiance_ghi_o_2212 & irradiance_ghi_o_2213 & irradiance_ghi_o_2215 & irradiance_ghi_o_2216 & irradiance_poa_o_2208 & irradiance_poa_o_2214 & load_a_avg__82786 & qloss_ah_max__82790 & rtd_c_avg_1__82791 & rtd_c_avg_2__82792 & rtd_c_avg_3__82793 & rtd_c_avg_4__82794 & rtd_c_avg_5__82795 & rtd_c_avg_6__82796 & rtd_c_avg_7__82797 & shuntcurrent_a_avg_1__82765 & shuntcurrent_a_avg_2__82766 & shuntcurrent_a_avg_3__82767 & shuntcurrent_a_avg_4__82768 & shuntetot_kwh_max_1__82773 & shuntetot_kwh_max_2__82774 & shuntetot_kwh_max_3__82775 & shuntetot_kwh_max_4__82776 & shuntpdc_kw_avg_1__82769 & shuntpdc_kw_avg_2__82770 & shuntpdc_kw_avg_3__82771 & shuntpdc_kw_avg_4__82772 & system_other_inv_14539 & system_other_inv_14539_10 & system_other_inv_14539_11 & system_other_inv_14539_12 & system_other_inv_14539_13 & system_other_inv_14539_14 & system_other_inv_14539_2 & system_other_inv_14539_3 & system_other_inv_14539_4 & system_other_inv_14539_5 & system_other_inv_14539_6 & system_other_inv_14539_7 & system_other_inv_14539_8 & system_other_inv_14539_9 & system_other_meter_1865 & system_other_meter_1865_2 & system_other_meter_1865_3 & system_other_o_2218 & tctemps_c_avg_10__82807 & tctemps_c_avg_11__82808 & tctemps_c_avg_12__82809 & tctemps_c_avg_1__82798 & tctemps_c_avg_2__82799 & tctemps_c_avg_3__82800 & tctemps_c_avg_4__82801 & tctemps_c_avg_5__82802 & tctemps_c_avg_6__82803 & tctemps_c_avg_7__82804 & tctemps_c_avg_8__82805 & tctemps_c_avg_9__82806 & temperature_ambient_o_2217 & temperature_ambient_o_2218 & temperature_inverter_inv_14539 & temperature_inverter_inv_14539_2 & temperature_inverter_inv_14539_3 & temperature_module_o_2218 & temperature_other_inv_14539 & wind_direction_o_2218 & wind_other_o_2218 & wind_other_o_2218_2 & wind_other_o_2218_3 & wind_other_o_2218_4 & wind_speed_o_2218 & wind_speed_o_2218_2 & system_id
4901,NIST_Canopy_1,3196,s_NIST_C1,Gaithersburg MD,39.1385,-77.2155,137.0,,242.5,2014-07-29 07:59:00,Cfa,12.0,,270.0,5.0,f,NU-U235F2,Sharp,mono-Si,1032,measured_on & ac_current_other_inv_14537 & ac_current_other_inv_14537_2 & ac_current_other_inv_14537_3 & ac_energy_inv_14537 & ac_other_meter_1863 & ac_other_meter_1863_2 & ac_other_meter_1863_3 & ac_power_inv_14537 & ac_power_meter_1863 & ac_power_meter_1863_2 & ac_power_meter_1863_3 & ac_power_meter_1863_4 & ac_power_meter_1863_5 & ac_power_other_meter_1863 & ac_power_other_meter_1863_2 & ac_power_other_meter_1863_3 & ac_power_other_meter_1863_4 & ac_voltage_other_inv_14537 & ac_voltage_other_inv_14537_2 & ac_voltage_other_inv_14537_3 & ac_voltage_other_meter_1863 & ac_voltage_other_meter_1863_2 & ac_voltage_other_meter_1863_3 & ac_voltage_other_meter_1863_4 & ac_voltage_other_meter_1863_5 & ac_voltage_other_meter_1863_6 & battery_a_avg__82575 & battery_v_min__82574 & chgsource_min__82578 & chgstate_min__82577 & ckbatt_max__82579 & cr1000temp_c_avg__82491 & dc_power_inv_14537 & dc_voltage_other_inv_14537 & dc_voltage_other_inv_14537_2 & dooropen_min__82492 & irradiance_ghi_o_2196 & irradiance_poa_o_2195 & irradiance_poa_o_2197 & irradiance_poa_o_2198 & irradiance_poa_o_2199 & load_a_avg__82576 & qloss_ah_max__82580 & rtd_c_avg_10__82590 & rtd_c_avg_1__82581 & rtd_c_avg_2__82582 & rtd_c_avg_3__82583 & rtd_c_avg_4__82584 & rtd_c_avg_5__82585 & rtd_c_avg_6__82586 & rtd_c_avg_7__82587 & rtd_c_avg_8__82588 & rtd_c_avg_9__82589 & sewspoairrad_wm2_avg__82524 & shuntcurrent_a_avg_1__82546 & shuntcurrent_a_avg_2__82547 & shuntcurrent_a_avg_3__82548 & shuntcurrent_a_avg_4__82549 & shuntcurrent_a_avg_5__82550 & shuntcurrent_a_avg_6__82551 & shuntcurrent_a_avg_7__82552 & shuntetot_kwh_max_1__82560 & shuntetot_kwh_max_2__82561 & shuntetot_kwh_max_3__82562 & shuntetot_kwh_max_4__82563 & shuntetot_kwh_max_5__82564 & shuntetot_kwh_max_6__82565 & shuntetot_kwh_max_7__82566 & shuntpdc_kw_avg_1__82553 & shuntpdc_kw_avg_2__82554 & shuntpdc_kw_avg_3__82555 & shuntpdc_kw_avg_4__82556 & shuntpdc_kw_avg_5__82557 & shuntpdc_kw_avg_6__82558 & shuntpdc_kw_avg_7__82559 & system_other_inv_14537 & system_other_inv_14537_10 & system_other_inv_14537_11 & system_other_inv_14537_2 & system_other_inv_14537_3 & system_other_inv_14537_4 & system_other_inv_14537_5 & system_other_inv_14537_6 & system_other_inv_14537_7 & system_other_inv_14537_8 & system_other_inv_14537_9 & system_other_meter_1863 & system_other_meter_1863_2 & system_other_meter_1863_3 & temperature_ambient_o_2200 & temperature_ambient_o_2201 & temperature_inverter_inv_14537 & temperature_module_o_2201 & wind_direction_o_2201 & wind_other_o_2201 & wind_other_o_2201_2 & wind_other_o_2201_3 & wind_other_o_2201_4 & wind_speed_o_2201 & wind_speed_o_2201_2 & system_id
2,Residential 1a,1,Residential 1,"Golden, CO",39.7214,-105.0972,1675.0,22.82,2.912,2010-01-21 16:02:00,Bsk,12.5,820.0,181.2,18.5,f,nd-208u1,Sharp,multi-Si,10,measured_on & das_temp__350 & dc_pos_current__348 & dc_pos_voltage__347 & dc_power__346 & module_temp_1__349 & poa_irradiance__345 & system_id
50,NREL x-Si 6,3,SERF East,"Golden, CO",39.742,-105.1727,1994.7,-1.0,6.0,1996-03-08 05:26:00,Bsk,12.5,820.0,158.0,45.0,f,M55 c-SI,siemens,Unknown,1,measured_on & ac_current__758 & ac_power_1__767 & ac_power_2__768 & ac_power__752 & ac_volts__757 & ambient_temp__759 & das_battery_voltage__769 & das_temperature__764 & dc_neg_current__756 & dc_neg_voltage__755 & dc_pos_current__754 & dc_pos_voltage__753 & dc_power_1__765 & dc_power_2__766 & dc_power__751 & inverter_temp_2__770 & inveter_temp__763 & module_temp_1__760 & module_temp_2__761 & module_temp_3__762 & poa_irradiance__750 & system_id
1332,NREL Parking Garage,5,NREL Parking Garage,"Golden, CO",39.7388,-105.1732,1770.0,5922.7534,1153.488,2013-03-29 16:01:45,Bsk,12.5,820.0,180.0,16.77,f,spr-315e-wht-d,SunPower,mono-Si,496,measured_on & dc_power__2655 & inv1_ac_power__2642 & inv1_dc_current__2645 & inv1_dc_power__2643 & inv1_dc_voltage__2644 & inv2_ac_power__2646 & inv2_dc_current__2649 & inv2_dc_power__2647 & inv2_dc_voltage__2648 & inv3_ac_power__2650 & inv3_dc_current__2653 & inv3_dc_power__2651 & inv3_dc_voltage__2652 & inv_total_ac_power__2654 & meter1_ac_power__2639 & meter2_ac_power__2640 & meter3_ac_power__2641 & metered_ac_power__2638 & string11current_shaded__2658 & string12current_shaded__2659 & string1current_unshaded__2656 & string2current_unshaded__2657 & system_id
33,Silicor Materials,11,NREL OTF Silicor,"Golden, CO",39.7404,-105.1772,1794.0,15.76,2.4,2010-01-08 20:30:00,Bsk,12.5,820.0,180.0,40.0,f,240,silicor materials,Unknown,1,measured_on & ac_current__588 & ac_power__584 & ac_voltage__587 & ambient_temp__589 & das_battery_voltage__595 & das_temp__594 & dc_pos_current__586 & dc_pos_voltage__585 & dc_power__583 & inverter_temp__593 & module_temp_1__590 & module_temp_2__591 & module_temp_3__592 & poa_irradiance__582 & power_factor__596 & system_id
3,Residential 1b,1,Residential 1,"Golden, CO",39.7214,-105.0972,1675.0,43.23,2.72,2017-01-01 17:34:56,Bsk,12.5,820.0,181.2,18.5,f,pvl-136,unisolar,amorphous si,14,measured_on & das_temp__357 & dc_pos_current__355 & dc_pos_voltage__354 & dc_power__353 & module_temp_1__356 & poa_irradiance__352 & system_id
51,NREL x-Si 7,4,SERF West,"Golden, CO",39.7416,-105.1734,1994.7,-1.0,6.0,2011-04-20 13:48:00,Bsk,12.5,820.0,158.0,45.0,f,M55 c-Si,siemens,Unknown,1,measured_on & ac_current__779 & ac_power__773 & ac_volts__778 & ambient_temp__780 & das_battery_voltage__790 & das_temperature__785 & dc_neg_current__777 & dc_neg_voltage__776 & dc_pos_current__775 & dc_pos_voltage__774 & dc_power_1__786 & dc_power_2__787 & dc_power__772 & inveter_temp__784 & module_temp_1__781 & module_temp_2__782 & module_temp_3__783 & poa_irradiance__771 & system_id
1208,NREL Visitors Parking,9,NREL Visitors Parking,"Golden, CO",39.7407,-105.1694,1780.0,,2.7135081,2011-07-26 19:14:30,Bsk,12.5,820.0,165.0,9.1,f,spr-315e-wht-d,SunPower,mono-Si,1664,measured_on & ac_meter_1_power_kw__1017 & ac_meter_2_power_kw__1018 & ac_power_metered_1_2__1133 & ac_power_metered_kw__1016 & dc_power__1132 & inv1_ac_power_kw__1019 & inv1_dc_current__1021 & inv1_dc_power__1130 & inv1_dc_voltage__1020 & inv1_temp__1022 & inv2_ac_power_kw__1023 & inv2_dc_current__1025 & inv2_dc_power__1131 & inv2_dc_voltage__1024 & inv2_temp__1026 & system_id
1302,[1302] St. Petersburg Parks CDP - Mirror Lake Park MB,1284,[1302] St. Petersburg Parks CDP - Mirror Lake Park MB,,27.7743,-82.6423,5.0,,,2018-03-31 17:23:10,Cfa,22.0,1020.0,,,f,Unknown,Unknown,Unknown,1,measured_on & ambient_temp_f__44 & intsolirrad__43 & module_temp_f__45 & wind_speed_mph__46 & system_id
1296,[1296] St. Petersburg Parks CDP - Dell Holmes Park RB,1278,[1296] St. Petersburg Parks CDP - Dell Holmes Park RB,,27.7427,-82.663,5.0,,,2018-03-31 17:23:10,Cfa,22.0,1020.0,,,f,Unknown,Unknown,Unknown,1,measured_on & ambient_temp_f__12 & intsolirrad__11 & module_temp_f__13 & wind_speed_mph__14 & system_id
1432,[1432] NREL S and TF,1400,[1432] NREL S and TF,,39.7422,-105.1719,1780.0,,94.05,2009-09-28 06:00:00,Bsk,12.5,820.0,175.0,10.0,f,es-190-sl,Evergreen,ribbon polycrystalline si,495,measured_on & ac_power__5095 & ambient_temp__5091 & kwh_net__5093 & module_temp__5092 & poa_irradiance__5090 & system_id
1423,[1423] RTC-NV-Baseline,1393,[1423] RTC-NV-Baseline,,36.0275,-114.9215,697.0,,6.0,2016-02-01 07:00:00,Bwh,30.0,955.0,180.0,35.0,f,opt270-60 blk-blk,suniva,mono-Si,24,measured_on & ambient_temp__4864 & inv1_ac_current__4853 & inv1_ac_power__4854 & inv1_ac_voltage__4852 & inv1_dc_current1__4850 & inv1_dc_current2__4851 & inv1_dc_voltage__4849 & inv2_ac_current__4859 & inv2_ac_power__4860 & inv2_ac_voltage__4858 & inv2_dc_current1__4856 & inv2_dc_current2__4857 & inv2_dc_voltage__4855 & module_temp_1__4865 & module_temp_2__4866 & module_temp_3__4867 & module_temp_4__4868 & module_temp_5__4869 & module_temp_6__4870 & module_temp_7__4871 & module_temp_8__4872 & poa_irradiance__4861 & poa_irradiance_refcell1__4862 & poa_irradiance_refcell2__4863 & system_id
1289,[1289] NREL CIGS-12,1273,[1289] NREL CIGS-12,,39.7405,-105.1774,1793.7,15.33,1.82,2012-09-27 16:33:00,Bsk,12.5,820.0,180.0,40.0,f,stn-130,stion corporation,cylindrical cigs,14,measured_on & ac_current__1064 & ac_power__1060 & ac_voltage__1063 & ambient_temp__1065 & das_battery_voltage__1072 & das_temp_2__1073 & das_temp__1071 & dc_pos_current__1062 & dc_pos_voltage__1061 & dc_power__1059 & inverter_temp__1070 & module_temp_1__1066 & module_temp_2__1067 & module_temp_3__1068 & module_temp_4__1069 & poa_irradiance_2__1058 & poa_irradiance__1057 & power_factor__1074 & system_id
1430,[1430] NREL Mesa 1-axis,1398,[1430] NREL Mesa 1-axis,,39.7438,-105.1779,1831.0,,720.72,2008-12-11 07:00:00,Bsk,12.5,820.0,,,t,hip-195ba3,Sanyo,SJT,3790,measured_on & ambient_temp__5042 & module_temp__5043 & poa_irradiance__5041 & system_id
36,[36] NREL low-X x-Si -1,42,[36] NREL low-X x-Si -1,,39.704,-105.1773,1794.7,,2.21,2012-01-01 07:06:00,Bsk,12.5,820.0,180.0,45.0,f,180/262 Watt,tenksolar,Unknown,10,measured_on & ac_current__633 & ac_power__629 & ac_voltage__632 & ambient_temp__634 & das_temp__662 & dc_current__631 & dc_power__628 & dc_voltage__630 & inv_temp__661 & module10nw_temp__640 & module1sw_temp__659 & module3_temp__639 & module5se_temp__660 & module6ne_temp__641 & module8_temp_bot__637 & module8_temp_mid__636 & module8_temp_top__635 & module_current_10__651 & module_current_1__642 & module_current_2__643 & module_current_3__644 & module_current_4__645 & module_current_5__646 & module_current_6__647 & module_current_7__648 & module_current_8__649 & module_current_9__650 & photodiode_1__652 & photodiode_2__653 & photodiode_3__654 & photodiode_4__655 & photodiode_5__656 & photodiode_6__657 & poa_irradiance_1__627 & poa_irradiance_2__658 & reflector_temp_1__638 & system_id
1256,Residential - NOLA -13 - District A South,1244,Residential - NOLA -13 - District A South,,29.9288,-90.1273,10.0,45.6596,8.82,2018-03-31 17:23:10,Cfa,26.0,1020.0,198.0,,f,spr-e19-315,SunPower,mono-Si,28,measured_on & a_avg__3395 & ppv_avg__3394 & w_avg__3393 & wh_sum__3392 & system_id
1249,Residential - NOLA -6 - Jefferson Parish,1237,Residential - NOLA -6 - Jefferson Parish,,29.9745,-90.1563,10.0,22.3938,4.05,2018-03-31 17:23:10,Cfa,26.0,1020.0,199.0,27.0,f,e18/225,SunPower,mono-Si,18,measured_on & a_avg__3367 & ppv_avg__3366 & w_avg__3365 & wh_sum__3364 & system_id
1259,Residential - NOLA -16 - District A North,1247,Residential - NOLA -16 - District A North,,30.0017,-90.0926,10.0,41.0525,5.75,2018-03-31 17:23:10,Cfa,26.0,1020.0,,,f,mpe-230-ps09,schuco,multi-Si,25,measured_on & a_avg__3407 & ppv_avg__3406 & w_avg__3405 & wh_sum__3404 & system_id
1343,Residential - NOLA -10 - Net Meter - District A South,1324,Residential - NOLA -10 - Net Meter - District A South,,29.951,-90.0812,10.0,57.9065,8.46,2012-01-01 05:02:00,Cfa,26.0,1020.0,187.0,33.0,f,cs6p-235p,canadian solar,multi-Si,36,measured_on & a_avg__3507 & w_n_avg__3505 & wh_n_sum__3504 & system_id
1330,[1330] St. Petersburg Parks CDP - Science Center of Pinellas Cnty-Production Meter,1312,[1330] St. Petersburg Parks CDP - Science Center of Pinellas Cnty-Production Meter,,27.7938,-82.7457,5.0,,,2018-03-31 17:23:11,Cfa,22.0,1020.0,,,f,Unknown,Unknown,Unknown,1,measured_on & rtw__295 & vatotal__296 & whtotal__297 & system_id
1339,Residential - NOLA -6 - Net Meter - Jefferson Parish,1320,Residential - NOLA -6 - Net Meter - Jefferson Parish,,29.9745,-90.1563,10.0,22.3938,4.05,2012-03-06 23:13:00,Cfa,26.0,1020.0,199.0,27.0,f,e18/225,SunPower,mono-Si,18,measured_on & a_avg__3491 & w_n_avg__3489 & wh_n_sum__3488 & system_id
1349,Residential - NOLA -16 - Net Meter - District A North,1330,Residential - NOLA -16 - Net Meter - District A North,,30.0017,-90.0926,10.0,41.0525,5.75,2012-03-19 23:03:00,Cfa,26.0,1020.0,,,f,mpe-230-ps09,schuco,multi-Si,25,measured_on & a_avg__3531 & w_n_avg__3529 & wh_n_sum__3528 & system_id
1351,Residential - NOLA -18 - Net Meter - District E,1332,Residential - NOLA -18 - Net Meter - District E,,29.9809,-90.0023,10.0,30.5946,4.14,2012-02-08 19:48:00,Cfa,26.0,1020.0,195.0,15.0,f,cs5p-230p,canadian solar,multi-Si,18,measured_on & a_avg__3539 & w_n_avg__3537 & wh_n_sum__3536 & system_id
1352,Residential - NOLA -19 - Net Meter - District E,1333,Residential - NOLA -19 - Net Meter - District E,,29.9809,-90.0023,10.0,30.5946,4.23,2012-02-08 20:22:00,Cfa,26.0,1020.0,195.0,30.0,f,cs5p-235p,canadian solar,multi-Si,18,measured_on & a_avg__3543 & w_n_avg__3541 & wh_n_sum__3540 & system_id
1274,[1274] Residential - NOLA -31 - District A North,1262,[1274] Residential - NOLA -31 - District A North,,30.0017,-90.0926,10.0,29.3526,5.76,2011-12-14 17:17:00,Cfa,26.0,1020.0,180.0,15.0,f,spr-e19-320,SunPower,mono-Si,18,measured_on & a_avg__3467 & ppv_avg__3466 & w_avg__3465 & wh_sum__3464 & system_id
1309,[1309] St. Petersburg Parks CDP - Walter Fuller Park Rec Center,1291,[1309] St. Petersburg Parks CDP - Walter Fuller Park Rec Center,,27.7955,-82.7476,5.0,,,2018-03-31 17:23:10,Cfa,22.0,1020.0,,,f,Unknown,Unknown,Unknown,1,measured_on & ambient_temp_f__132 & intsolirrad__131 & module_temp_f__133 & wind_speed_mph__134 & system_id
1277,[1277] Andre Agassi Preparatory Academy - Building C,1265,[1277] Andre Agassi Preparatory Academy - Building C,,36.1952,-115.1582,620.0,275.5038,40.56,2011-09-01 05:15:00,Bwh,30.0,955.0,180.0,10.0,f,nu-u240f1,Sharp,mono-Si,169,measured_on & ac_current__3051 & ac_power_hw__3055 & ac_voltage__3050 & ambient_temp_f__3043 & dc_power_hw__3054 & input_current__3049 & input_voltage__3048 & inverter_error_code__3047 & inverter_temp__3052 & module_temp_f__3044 & poa_irradiance__3041 & power_factor__3053 & relative_humidity__3042 & wind_direction__3046 & wind_speed_mph__3045 & system_id
1317,[1317] St. Petersburg Parks CDP - Azalea Park MB-Production Meter,1299,[1317] St. Petersburg Parks CDP - Azalea Park MB-Production Meter,,27.7863,-82.7379,5.0,,,2018-03-31 17:23:11,Cfa,22.0,1020.0,,,f,Unknown,Unknown,Unknown,1,measured_on & rtw__268 & vatotal__269 & whtotal__270 & system_id
1356,Residential - NOLA -23 - Net Meter - District E,1337,Residential - NOLA -23 - Net Meter - District E,,29.9809,-90.0023,10.0,22.519,2.8,2012-03-02 21:24:00,Cfa,26.0,1020.0,195.0,35.0,f,cs6p-200p,canadian solar,multi-Si,14,measured_on & a_avg__3559 & w_n_avg__3557 & wh_n_sum__3556 & system_id
1276,[1276] Andre Agassi Preparatory Academy - Building B,1264,[1276] Andre Agassi Preparatory Academy - Building B,,36.1952,-115.1582,620.0,410.8104,68.48,2011-09-01 05:15:00,Bwh,30.0,955.0,180.0,5.0,f,nu-u240f1,Sharp,mono-Si,252,measured_on & ac_current__3036 & ac_power_hw__3040 & ac_voltage__3035 & ambient_temp_f__3028 & dc_power_hw__3039 & input_current__3034 & input_voltage__3033 & inverter_error_code__3032 & inverter_temp__3037 & module_temp_f__3029 & poa_irradiance__3026 & power_factor__3038 & relative_humidity__3027 & wind_direction__3031 & wind_speed_mph__3030 & system_id
1418,[1418] Clark County-NV - Desert Breeze,1389,[1418] Clark County-NV - Desert Breeze,,36.1253,-115.2713,779.0,,42.0,2015-06-24 06:00:00,Bwh,30.0,955.0,138.0,10.0,f,sw280 mono,SolarWorld,mono-Si,156,measured_on & ac_kwhr_1_kwhac__4787 & ac_kwhr_2_kwhac__4789 & ac_kwhr_3_kwhac__4791 & ac_power_1_kwac__4786 & ac_power_2_kwac__4788 & ac_power_3_kwac__4790 & ac_power__5048 & ambient_temp_f_tempf__4792 & module_temp_f_temp2__4793 & poa_irradiance_sun__4785 & wind_direction_winddirection__4795 & wind_speed_mph_windspeed__4794 & system_id
35,[35] Andre Agassi Preparatory Academy - Gymnasium,41,[35] Andre Agassi Preparatory Academy - Gymnasium,,36.1952,-115.1582,620.0,826.4911,121.68,2010-08-23 14:00:00,Bwh,30.0,955.0,270.0,,f,nu-u240f1,Sharp,mono-Si,507,measured_on & ac_current__2703 & ac_power_hw__2713 & ac_voltage__2702 & ambient_temp_f__2706 & dc_current__2701 & dc_power_hw__2712 & dc_voltage__2700 & inverter_error_code__2708 & inverter_temp__2704 & module_temp_f__2707 & poa_irradiance__2699 & power_factor_1000__2711 & relative_humidity__2705 & wind_direction__2710 & wind_speed_mph__2709 & system_id
1270,Residential - NOLA -27 - District E,1258,Residential - NOLA -27 - District E,,29.9809,-90.0023,10.0,22.519,2.8,2018-03-31 17:23:10,Cfa,26.0,1020.0,195.0,20.0,f,cs6p-200p,canadian solar,multi-Si,14,measured_on & a_avg__3451 & ppv_avg__3450 & w_avg__3449 & wh_sum__3448 & system_id
1272,Residential - NOLA -29 - District B,1260,Residential - NOLA -29 - District B,,29.951,-90.0812,10.0,54.2161,9.46,2018-03-31 17:23:10,Cfa,26.0,1020.0,175.0,30.0,f,hit-220a,Sanyo,SJT,43,measured_on & a_avg__3459 & ppv_avg__3458 & w_avg__3457 & wh_sum__3456 & system_id
1219,[1219] Mercury Solar Systems - Array 10,1210,[1219] Mercury Solar Systems - Array 10,,40.995,-73.668,75.0,88.452,8.192,2011-04-21 17:38:00,Cfa,11.0,1020.0,180.0,,f,sl-001-182,solyndra,cylindrical cigs,45,measured_on & a_avg__3283 & ppv_avg__3282 & w_avg__3281 & wh_sum__3280 & system_id
1354,Residential - NOLA -21 - Net Meter - District E,1335,Residential - NOLA -21 - Net Meter - District E,,29.9809,-90.0023,10.0,30.5946,4.32,2012-03-02 20:17:00,Cfa,26.0,1020.0,195.0,35.0,f,cs5p-240p,canadian solar,multi-Si,18,measured_on & a_avg__3551 & w_n_avg__3549 & wh_n_sum__3548 & system_id
1253,Residential - NOLA -10 - District A South,1241,Residential - NOLA -10 - District A South,,29.951,-90.0812,10.0,57.9065,8.46,2018-03-31 17:23:10,Cfa,26.0,1020.0,187.0,33.0,f,cs6p-235p,canadian solar,multi-Si,36,measured_on & a_avg__3383 & ppv_avg__3382 & w_avg__3381 & wh_sum__3380 & system_id
1353,Residential - NOLA -20 - Net Meter - District E,1334,Residential - NOLA -20 - Net Meter - District E,,29.9809,-90.0023,10.0,28.953,4.14,2012-02-08 20:41:00,Cfa,26.0,1020.0,195.0,28.0,f,cs6p-230p,canadian solar,multi-Si,18,measured_on & a_avg__3547 & w_n_avg__3545 & wh_n_sum__3544 & system_id
1358,Residential - NOLA -25 - Net Meter - District E,1339,Residential - NOLA -25 - Net Meter - District E,,29.9809,-90.0023,10.0,28.953,4.14,2012-03-02 21:44:00,Cfa,26.0,1020.0,195.0,28.0,f,cs6p-230p,canadian solar,multi-Si,18,measured_on & a_avg__3567 & w_n_avg__3565 & wh_n_sum__3564 & system_id
1361,Residential - NOLA -28 - Net Meter - District E,1342,Residential - NOLA -28 - Net Meter - District E,,29.9809,-90.0023,10.0,30.5946,4.32,2012-03-02 20:38:00,Cfa,26.0,1020.0,195.0,28.0,f,cs5p-240p,canadian solar,multi-Si,18,measured_on & a_avg__3579 & w_n_avg__3577 & wh_n_sum__3576 & system_id
4,[4] NREL x-Si -1,15,[4] NREL x-Si -1,,39.7406,-105.1774,1795.3,5.896,1.0,2007-08-26 06:00:00,Bsk,12.5,820.0,180.0,40.0,f,hip-200ba3,Sanyo,mono-Si,5,measured_on & ac_current__319 & ac_power__315 & ac_voltage__318 & ambient_temp__320 & das_temp__325 & dc_pos_current__317 & dc_pos_voltage__316 & dc_power__314 & module_temp_1__321 & system_id
1269,Residential - NOLA -26 - District E,1257,Residential - NOLA -26 - District E,,29.9809,-90.0023,10.0,30.5946,4.14,2018-03-31 17:23:10,Cfa,26.0,1020.0,195.0,30.0,f,cs5p-230p,canadian solar,multi-Si,18,measured_on & a_avg__3447 & ppv_avg__3446 & w_avg__3445 & wh_sum__3444 & system_id
1301,[1301] St. Petersburg Parks CDP - Lake Vista Park MB,1283,[1301] St. Petersburg Parks CDP - Lake Vista Park MB,,27.714,-82.6525,5.0,,,2018-03-31 17:23:10,Cfa,22.0,1020.0,,,f,Unknown,Unknown,Unknown,1,measured_on & ambient_temp_f__39 & intsolirrad__38 & module_temp_f__40 & wind_speed_mph__41 & system_id
1204,[1204] Distributed Sun - The Wharf,1202,[1204] Distributed Sun - The Wharf,,39.8256,-75.3828,10.0,538.213,78.645,2011-02-04 17:20:00,Cfa,16.0,1020.0,140.0,5.0,f,sw245 mono,SolarWorld,mono-Si,321,measured_on & ac_power__2952 & ambient_temp__2913 & dc_power__2953 & inv1_ac_power__2916 & inv1_dc_current__2919 & inv1_dc_power__2917 & inv1_dc_voltage__2918 & inv2_ac_power__2920 & inv2_dc_current__2923 & inv2_dc_power__2921 & inv2_dc_voltage__2922 & inv3_ac_power__2924 & inv3_dc_current__2927 & inv3_dc_power__2925 & inv3_dc_voltage__2926 & inv4_ac_power__2928 & inv4_dc_current__2931 & inv4_dc_power__2929 & inv4_dc_voltage__2930 & inv5_ac_power__2932 & inv5_dc_current__2935 & inv5_dc_power__2933 & inv5_dc_voltage__2934 & inv6_ac_power__2936 & inv6_dc_current__2939 & inv6_dc_power__2937 & inv6_dc_voltage__2938 & inv7_ac_power__2940 & inv7_dc_current__2943 & inv7_dc_power__2941 & inv7_dc_voltage__2942 & inv8_ac_power__2944 & inv8_dc_current__2947 & inv8_dc_power__2945 & inv8_dc_voltage__2946 & inv9_ac_power__2948 & inv9_dc_current__2951 & inv9_dc_power__2949 & inv9_dc_voltage__2950 & module_temp__2914 & poa_irradiance__2912 & wind_speed_mph__2915 & system_id
1264,Residential - NOLA -21 - District E,1252,Residential - NOLA -21 - District E,,29.9809,-90.0023,10.0,30.5946,4.32,2018-03-31 17:23:10,Cfa,26.0,1020.0,195.0,35.0,f,cs5p-240p,canadian solar,multi-Si,18,measured_on & a_avg__3427 & ppv_avg__3426 & w_avg__3425 & wh_sum__3424 & system_id
1263,Residential - NOLA -20 - District E,1251,Residential - NOLA -20 - District E,,29.9809,-90.0023,10.0,28.953,4.14,2018-03-31 17:23:10,Cfa,26.0,1020.0,195.0,28.0,f,cs6p-230p,canadian solar,multi-Si,18,measured_on & a_avg__3423 & ppv_avg__3422 & w_avg__3421 & wh_sum__3420 & system_id
1275,Commercial - NOLA,1263,Commercial - NOLA,,29.9649,-90.069,10.0,136.9788,25.6,2010-04-28 17:45:00,Cfa,26.0,1020.0,135.0,30.0,f,spr-e18-305,SunPower,mono-Si,84,measured_on & ac_current__3025 & ac_power_metered_kw__3023 & ac_voltage__3024 & system_id
1228,Mercury Solar Systems - Module Temperatures,1218,Mercury Solar Systems - Module Temperatures,,40.995,-73.668,75.0,,,2011-06-30 02:30:00,Cfa,,,180.0,,f,Unknown,Unknown,Unknown,1,measured_on & module_temp_10__1036 & module_temp_11__1037 & module_temp_12__1038 & module_temp_13__1039 & module_temp_1__1027 & module_temp_2__1028 & module_temp_3__1029 & module_temp_4__1030 & module_temp_5__1031 & module_temp_6__1032 & module_temp_7__1033 & module_temp_8__1034 & module_temp_9__1035 & system_id
1348,Residential - NOLA -15 - Net Meter - District A North,1329,Residential - NOLA -15 - Net Meter - District A North,,30.0017,-90.0926,10.0,104.5044,19.32,2012-03-08 18:33:00,Cfa,26.0,1020.0,96.0,19.0,f,e18/230,SunPower,mono-Si,42,measured_on & a_avg__3527 & w_n_avg__3525 & wh_n_sum__3524 & system_id
1278,[1278] Andre Agassi Preparatory Academy - Building D,1266,[1278] Andre Agassi Preparatory Academy - Building D,,36.1952,-115.1582,620.0,1163.9628,171.36,2011-09-01 05:15:00,Bwh,30.0,955.0,180.0,,f,nu-u240f1,Sharp,mono-Si,357,measured_on & ac_power__3081 & ambient_temp_f__3058 & dc_power__3080 & inv1_ac_current__3066 & inv1_ac_power_hw__3070 & inv1_ac_voltage__3065 & inv1_dc_power_hw__3069 & inv1_error_code__3062 & inv1_input_current__3064 & inv1_input_voltage__3063 & inv1_power_factor__3068 & inv1_temp__3067 & inv2_ac_current__3075 & inv2_ac_power_hw__3079 & inv2_ac_voltage__3074 & inv2_dc_power_hw__3078 & inv2_error_code__3071 & inv2_input_current__3073 & inv2_input_voltage__3072 & inv2_power_factor__3077 & inv2_temp__3076 & module_temp_f__3059 & poa_irradiance__3056 & relative_humidity__3057 & wind_direction__3061 & wind_speed_mph__3060 & system_id
1367,[1367] City of Henderson-NV - Aquatic Complex,1348,[1367] City of Henderson-NV - Aquatic Complex,,36.033,-114.9516,660.0,1698.0581,277.16,2013-05-08 08:38:00,Bwh,30.0,955.0,172.0,12.0,f,sw260,SolarWorld,mono-Si,533,measured_on & ac_frequency_2__3087 & ac_power_1__3083 & ac_power__3091 & dc_voltage_1__3082 & system_id
1258,Residential - NOLA -15 - District A North,1246,Residential - NOLA -15 - District A North,,30.0017,-90.0926,10.0,104.5044,19.32,2018-03-31 17:23:10,Cfa,26.0,1020.0,96.0,19.0,f,e18/230,SunPower,mono-Si,42,measured_on & a_avg__3403 & ppv_avg__3402 & w_avg__3401 & wh_sum__3400 & system_id
1369,[1369] City of Henderson-NV - Police Station,1347,[1369] City of Henderson-NV - Police Station,,36.03,-114.9839,660.0,,,2013-05-20 11:05:00,Bwh,30.0,955.0,,,f,Unknown,Unknown,Unknown,1,measured_on & ac_frequency__3125 & ac_power__3127 & dc_power__3126 & inv1_ac_current__3132 & inv1_ac_power_kw__3133 & inv1_ac_voltage__3128 & inv1_dc_current__3131 & inv1_dc_power__3167 & inv1_dc_voltage__3130 & inv1_temp__3129 & inv2-9_ac_voltage__3134 & inv2_ac_current__3137 & inv2_ac_power__3138 & inv2_dc_current__3136 & inv2_dc_power__3168 & inv2_dc_voltage__3135 & inv3_ac_current__3141 & inv3_ac_power__3142 & inv3_dc_current__3140 & inv3_dc_power__3169 & inv3_dc_voltage__3139 & inv4_ac_current__3145 & inv4_ac_power__3146 & inv4_dc_current__3144 & inv4_dc_power__3170 & inv4_dc_voltage__3143 & inv5_ac_current__3149 & inv5_ac_power__3150 & inv5_dc_current__3148 & inv5_dc_power__3171 & inv5_dc_voltage__3147 & inv6_ac_current__3153 & inv6_ac_power__3154 & inv6_dc_current__3152 & inv6_dc_power__3172 & inv6_dc_voltage__3151 & inv7_ac_current__3157 & inv7_ac_power__3158 & inv7_dc_current__3156 & inv7_dc_power__3173 & inv7_dc_voltage__3155 & inv8_ac_current__3161 & inv8_ac_power__3162 & inv8_dc_current__3160 & inv8_dc_power__3174 & inv8_dc_voltage__3159 & inv9_ac_current__3165 & inv9_ac_power__3166 & inv9_dc_current__3164 & inv9_dc_power__3175 & inv9_dc_voltage__3163 & system_id
1347,Residential - NOLA -14 - Net Meter - District A North,1328,Residential - NOLA -14 - Net Meter - District A North,,30.0017,-90.0926,10.0,33.5907,6.426,2012-03-07 20:19:00,Cfa,26.0,1020.0,244.0,33.3,f,e18/238,SunPower,mono-Si,27,measured_on & a_avg__3523 & w_n_avg__3521 & wh_n_sum__3520 & system_id
1355,Residential - NOLA -22 - Net Meter - District E,1336,Residential - NOLA -22 - Net Meter - District E,,29.9809,-90.0023,10.0,22.4274,2.7,2012-03-02 21:24:00,Cfa,26.0,1020.0,195.0,30.0,f,es-180-sl,Evergreen,ribbon polycrystalline si,15,measured_on & a_avg__3555 & w_n_avg__3553 & wh_n_sum__3552 & system_id
1329,[1329] St. Petersburg Parks CDP - Wildwood Park Rec Center-Production Meter,1311,[1329] St. Petersburg Parks CDP - Wildwood Park Rec Center-Production Meter,,27.7589,-82.67,5.0,,,2018-03-31 17:23:11,Cfa,22.0,1020.0,,,f,Unknown,Unknown,Unknown,1,measured_on & rtw__292 & vatotal__293 & whtotal__294 & system_id
1324,[1324] St. Petersburg Parks CDP - Azalea Park Rec Center-Production Meter,1306,[1324] St. Petersburg Parks CDP - Azalea Park Rec Center-Production Meter,,27.7863,-82.7379,5.0,,,2018-03-31 17:23:11,Cfa,22.0,1020.0,,,f,Unknown,Unknown,Unknown,1,measured_on & rtw__277 & vatotal__278 & whtotal__279 & system_id
1265,Residential - NOLA -22 - District E,1253,Residential - NOLA -22 - District E,,29.9809,-90.0023,10.0,22.4274,2.7,2018-03-31 17:23:10,Cfa,26.0,1020.0,195.0,30.0,f,es-180-sl,Evergreen,ribbon polycrystalline si,15,measured_on & a_avg__3431 & ppv_avg__3430 & w_avg__3429 & wh_sum__3428 & system_id
1306,[1306] St. Petersburg Parks CDP - Campbell Park Rec Center,1288,[1306] St. Petersburg Parks CDP - Campbell Park Rec Center,,27.7643,-82.6497,5.0,,,2018-03-31 17:23:10,Cfa,22.0,1020.0,,,f,Unknown,Unknown,Unknown,1,measured_on & ac_frequency__208 & ac_power_1_6__239 & ac_power_1__212 & ac_power_2__216 & ac_power_3__220 & ac_power_4__224 & ac_power_5__228 & ac_power_6__232 & ac_voltage_1__211 & ac_voltage_2__215 & ac_voltage_3__219 & ac_voltage_4__223 & ac_voltage_5__227 & ac_voltage_6__231 & ambient_temp_f__205 & dc_current_1__209 & dc_current_2__213 & dc_current_3__217 & dc_current_4__221 & dc_current_5__225 & dc_current_6__229 & dc_power_1_6__240 & dc_power_1_calc__233 & dc_power_2_calc__234 & dc_power_3_calc__235 & dc_power_4_calc__236 & dc_power_5_calc__237 & dc_power_6_calc__238 & dc_voltage_1__210 & dc_voltage_2__214 & dc_voltage_3__218 & dc_voltage_4__222 & dc_voltage_5__226 & dc_voltage_6__230 & intsolirrad__204 & module_temp_f__206 & wind_speed_mph__207 & system_id
1308,[1308] St. Petersburg Parks CDP - Roberts Park Rec Center,1290,[1308] St. Petersburg Parks CDP - Roberts Park Rec Center,,27.8175,-82.6517,5.0,,,2018-03-31 17:23:10,Cfa,22.0,1020.0,,,f,Unknown,Unknown,Unknown,1,measured_on & ac_current_1__110 & ac_current_2__116 & ac_current_3__122 & ac_frequency__109 & ac_power_1__112 & ac_power_2__118 & ac_power_3__124 & ac_power__128 & ac_voltage_1__113 & ac_voltage_2__119 & ac_voltage_3__125 & ambient_temp_f__106 & dc_current_1__111 & dc_current_2__117 & dc_current_3__123 & dc_power_1_calc__115 & dc_power_2_calc__121 & dc_power_3_calc__127 & dc_power__129 & dc_voltage_1__114 & dc_voltage_2__120 & dc_voltage_3__126 & intsolirrad__105 & module_temp_f__107 & wind_speed_mph__108 & system_id
1310,[1310] St. Petersburg Parks CDP - Wildwood Park Rec Center,1292,[1310] St. Petersburg Parks CDP - Wildwood Park Rec Center,,27.7589,-82.67,5.0,,,2018-03-31 17:23:10,Cfa,22.0,1020.0,,,f,Unknown,Unknown,Unknown,1,measured_on & ac_frequency__140 & ac_power_1_6__171 & ac_power_1__144 & ac_power_2__148 & ac_power_3__152 & ac_power_4__156 & ac_power_5__160 & ac_power_6__164 & ac_voltage_1__143 & ac_voltage_2__147 & ac_voltage_3__151 & ac_voltage_4__155 & ac_voltage_5__159 & ac_voltage_6__163 & ambient_temp_f__137 & dc_current_1__141 & dc_current_2__145 & dc_current_3__149 & dc_current_4__153 & dc_current_5__157 & dc_current_6__161 & dc_power_1_6__172 & dc_power_1_calc__165 & dc_power_2_calc__166 & dc_power_3_calc__167 & dc_power_4_calc__168 & dc_power_5_calc__169 & dc_power_6_calc__170 & dc_voltage_1__142 & dc_voltage_2__146 & dc_voltage_3__150 & dc_voltage_4__154 & dc_voltage_5__158 & dc_voltage_6__162 & intsolirrad__136 & module_temp_f__138 & wind_speed_mph__139 & system_id
1283,[1283] NREL Research Support Facility II,1271,[1283] NREL Research Support Facility II,,39.7409,-105.1711,1800.0,2115.84,408.24,2012-01-10 00:00:00,Bsk,12.5,820.0,165.0,10.0,f,spr-315e-wht-d,SunPower,mono-Si,1296,measured_on & ac_meter_1_power_kw__1041 & ac_meter_2_power_kw__1042 & ac_power__1137 & ac_power_metered_kw__1040 & ambient_temp__1053 & dc_power__1136 & inv1_ac_power_kw__1043 & inv1_dc_current__1045 & inv1_dc_power__1134 & inv1_dc_voltage__1044 & inv1_temp__1046 & inv2_ac_power_kw__1047 & inv2_dc_current__1049 & inv2_dc_power__1135 & inv2_dc_voltage__1048 & inv2_temp__1050 & module_temp__1056 & poa_irradiance__1055 & poa_irradiance_refcell__1054 & refcell_temp__1052 & wind_speed__1051 & system_id
1326,[1326] St. Petersburg Parks CDP - J.W. Cate Rec Center-Production Meter,1308,[1326] St. Petersburg Parks CDP - J.W. Cate Rec Center-Production Meter,,27.7936,-82.7144,5.0,,,2018-03-31 17:23:11,Cfa,22.0,1020.0,,,f,Unknown,Unknown,Unknown,1,measured_on & rtw__283 & vatotal__284 & whtotal__285 & system_id
1336,Residential - NOLA -3 - Net Meter - District A North,1317,Residential - NOLA -3 - Net Meter - District A North,,30.0017,-90.0926,10.0,26.7713,3.6,2012-03-05 23:55:00,Cfa,26.0,1020.0,177.0,32.0,f,poly 225,schott,multi-Si,16,measured_on & a_avg__3479 & w_n_avg__3477 & wh_n_sum__3476 & system_id
1342,Residential - NOLA -9 - Net Meter - District B,1323,Residential - NOLA -9 - Net Meter - District B,,29.951,-90.0812,10.0,31.916,4.625,2012-03-15 21:37:00,Cfa,26.0,1020.0,195.0,33.0,f,mpe 185 ms 05,schuco,mono-Si,25,measured_on & a_avg__3503 & w_n_avg__3501 & wh_n_sum__3500 & system_id
1321,[1321] St. Petersburg Parks CDP - Mirror Lake Park MB-Production Meter,1303,[1321] St. Petersburg Parks CDP - Mirror Lake Park MB-Production Meter,,27.7743,-82.6423,5.0,,,2018-03-31 17:23:11,Cfa,22.0,1020.0,,,f,Unknown,Unknown,Unknown,1,measured_on & rtw__301 & vatotal__302 & whtotal__303 & system_id
1295,[1295] St. Petersburg Parks CDP - Crisp Park RB,1277,[1295] St. Petersburg Parks CDP - Crisp Park RB,,27.805,-82.627,5.0,,,2018-03-31 17:23:10,Cfa,22.0,1020.0,,,f,Unknown,Unknown,Unknown,1,measured_on & ambient_temp_f__7 & intsolirrad__6 & module_temp_f__8 & wind_speed_mph__9 & system_id
1222,[1222] Mercury Solar Systems - Array 5,1213,[1222] Mercury Solar Systems - Array 5,,40.995,-73.668,75.0,45.675,8.54,2011-04-21 17:45:00,Cfa,11.0,1020.0,180.0,5.0,f,spr-305-wht-u,SunPower,mono-Si,28,measured_on & a_avg__3307 & w_n_avg__3305 & wh_n_sum__3304 & system_id
1230,[1230] FSEC - Zero Energy House - Livermore,1220,[1230] FSEC - Zero Energy House - Livermore,,37.6478,-121.7742,150.0,35.147,3.6,2002-08-05 06:15:00,Csb,15.6,1020.0,180.0,,f,ap-100,AstroPower,mono-Si,36,measured_on & ambient_temp_1_f__890 & ambient_temp_2_f__891 & dc_power__889 & poa_irradiance__888 & relative_humidity__892 & system_id
1248,Residential - NOLA -5 - District B,1236,Residential - NOLA -5 - District B,,29.951,-90.0812,10.0,75.6504,13.2,2018-03-31 17:23:10,Cfa,26.0,1020.0,175.0,32.0,f,hit-n220a01,Sanyo,SJT,60,measured_on & a_avg__3363 & ppv_avg__3362 & w_avg__3361 & wh_sum__3360 & system_id
1252,Residential - NOLA -9 - District B,1240,Residential - NOLA -9 - District B,,29.951,-90.0812,10.0,31.916,4.625,2018-03-31 17:23:10,Cfa,26.0,1020.0,195.0,33.0,f,mpe 185 ms 05,schuco,mono-Si,25,measured_on & a_avg__3379 & ppv_avg__3378 & w_avg__3377 & wh_sum__3376 & system_id
1299,[1299] St. Petersburg Parks CDP - Crescent Lake Park MB,1281,[1299] St. Petersburg Parks CDP - Crescent Lake Park MB,,27.7883,-82.6414,5.0,,,2018-03-31 17:23:10,Cfa,22.0,1020.0,,,f,Unknown,Unknown,Unknown,1,measured_on & ambient_temp_f__22 & intsolirrad__21 & module_temp_f__23 & wind_speed_mph__24 & system_id
1303,[1303] St. Petersburg Parks CDP - Walter Fuller Park MB,1285,[1303] St. Petersburg Parks CDP - Walter Fuller Park MB,,27.7955,-82.7476,5.0,,,2018-03-31 17:23:10,Cfa,22.0,1020.0,,,f,Unknown,Unknown,Unknown,1,measured_on & ambient_temp_f__49 & intsolirrad__48 & module_temp_f__50 & wind_speed_mph__51 & system_id
1207,[1207] Campbell Scientific Headquarters - 2-Axis Tracker,1205,[1207] Campbell Scientific Headquarters - 2-Axis Tracker,,41.7356,-111.8336,1382.0,95.04,13.44,2011-04-22 21:40:00,Dfb,,,,,f,kd210gx-lpu,kyocera,multi-Si,1,measured_on & dc_power__2622 & dc_power_a1__2623 & dc_power_a2__2624 & dc_power_b1__2625 & dc_power_b2__2626 & dc_power_c1__2627 & dc_power_c2__2628 & dc_voltage_a__2635 & dc_voltage_b__2636 & dc_voltage_c__2637 & direct_normal_dr01__2632 & module_temp__2629 & poa_irradiance__2633 & poa_irradiance_cs300_1__2630 & poa_irradiance_cs300_2__2631 & poa_irradiance_lp02_2__2634 & system_id
1307,[1307] St. Petersburg Parks CDP - J.W. Cate Rec Center,1289,[1307] St. Petersburg Parks CDP - J.W. Cate Rec Center,,27.7936,-82.7144,5.0,,,2018-03-31 17:23:10,Cfa,22.0,1020.0,,,f,Unknown,Unknown,Unknown,1,measured_on & ac_current_1__84 & ac_current_2__90 & ac_current_3__96 & ac_frequency__83 & ac_power_1__86 & ac_power_2__92 & ac_power_3__98 & ac_power__102 & ac_voltage_1__87 & ac_voltage_2__93 & ac_voltage_3__99 & ambient_temp_f__80 & dc_current_1__85 & dc_current_2__91 & dc_current_3__97 & dc_power_1_calc__89 & dc_power_2_calc__95 & dc_power_3_calc__101 & dc_power__103 & dc_voltage_1__88 & dc_voltage_2__94 & dc_voltage_3__100 & intsolirrad__79 & module_temp_f__81 & wind_speed_mph__82 & system_id
1221,[1221] Mercury Solar Systems - Array 11,1212,[1221] Mercury Solar Systems - Array 11,,40.995,-73.668,75.0,,8.28,2011-04-21 17:45:00,Cfa,11.0,1020.0,180.0,10.0,f,Unknown,Trina,Unknown,36,measured_on & a_avg__3298 & ppv_avg__3297 & w_avg__3296 & wh_sum__3295 & system_id
1218,[1218] Mercury Solar Systems - Array 7,1209,[1218] Mercury Solar Systems - Array 7,,40.995,-73.668,75.0,60.235,7.92,2011-04-21 17:29:00,Cfa,11.0,1020.0,180.0,5.0,f,poly 220,schott,multi-Si,36,measured_on & a_avg__3274 & w_n_avg__3272 & wh_n_sum__3271 & system_id
1224,[1224] Mercury Solar Systems - Array 9,1215,[1224] Mercury Solar Systems - Array 9,,40.995,-73.668,75.0,,8.28,2011-04-21 17:53:00,Cfa,11.0,1020.0,180.0,10.0,f,Unknown,Yingli,multi-Si,36,measured_on & a_avg__3322 & w_n_avg__3320 & wh_n_sum__3319 & system_id
1429,[1429] RTC-SNL-Baseline,1397,[1429] RTC-SNL-Baseline,,35.0549,-106.5433,1658.0,,6.0,2018-03-31 17:23:11,Bsk,12.5,820.0,180.0,35.0,f,opt270-60 blk-blk,suniva,mono-Si,22,measured_on & ambient_temp__4927 & inv1_ac_current__4916 & inv1_ac_power__4917 & inv1_ac_voltage__4915 & inv1_dc_current1__4913 & inv1_dc_current2__4914 & inv1_dc_voltage__4912 & inv2_ac_current__4922 & inv2_ac_power__4923 & inv2_ac_voltage__4921 & inv2_dc_current1__4919 & inv2_dc_current2__4920 & inv2_dc_voltage__4918 & module_temp_1__4928 & module_temp_2__4929 & module_temp_3__4930 & module_temp_4__4931 & module_temp_5__4932 & module_temp_6__4933 & module_temp_7__4934 & module_temp_8__4935 & poa_irradiance__4924 & poa_irradiance_refcell1__4925 & poa_irradiance_refcell2__4926 & system_id
1403,[1403] RTC-FSEC-Baseline,1198,[1403] RTC-FSEC-Baseline,,28.405,-80.7709,12.0,,6.0,2018-03-31 17:23:10,Cfa,22.0,820.0,180.0,35.0,f,opt270-60 blk-blk,suniva,mono-Si,22,measured_on & ambient_temp__4217 & inv1_ac_current__4206 & inv1_ac_power__4207 & inv1_ac_voltage__4205 & inv1_dc_current1__4203 & inv1_dc_current2__4204 & inv1_dc_voltage__4202 & inv2_ac_current__4212 & inv2_ac_power__4213 & inv2_ac_voltage__4211 & inv2_dc_current1__4209 & inv2_dc_current2__4210 & inv2_dc_voltage__4208 & module_temp_1__4218 & module_temp_2__4219 & module_temp_3__4220 & module_temp_4__4221 & module_temp_5__4222 & module_temp_6__4223 & module_temp_7__4224 & module_temp_8__4225 & poa_irradiance__4214 & poa_irradiance_refcell1__4215 & poa_irradiance_refcell2__4216 & system_id
1344,Residential - NOLA -11 - Net Meter - District A North,1325,Residential - NOLA -11 - Net Meter - District A North,,30.0017,-90.0926,10.0,49.764,9.2,2012-02-29 01:52:00,Cfa,26.0,1020.0,185.0,23.0,f,e18/230,SunPower,mono-Si,20,measured_on & a_avg__3511 & w_n_avg__3509 & wh_n_sum__3508 & system_id
1254,Residential - NOLA -11 - District A North,1242,Residential - NOLA -11 - District A North,,30.0017,-90.0926,10.0,49.764,9.2,2018-03-31 17:23:10,Cfa,26.0,1020.0,185.0,23.0,f,e18/230,SunPower,mono-Si,20,measured_on & a_avg__3387 & ppv_avg__3386 & w_avg__3385 & wh_sum__3384 & system_id
1316,[1316] St. Petersburg Parks CDP - Demens Landing Park RB-Production Meter,1298,[1316] St. Petersburg Parks CDP - Demens Landing Park RB-Production Meter,,27.7701,-82.629,5.0,,,2018-03-31 17:23:11,Cfa,22.0,1020.0,,,f,Unknown,Unknown,Unknown,1,measured_on & rtw__307 & vatotal__308 & whtotal__309 & system_id
1319,[1319] St. Petersburg Parks CDP - Demens Landing Park MB-Production Meter,1301,[1319] St. Petersburg Parks CDP - Demens Landing Park MB-Production Meter,,27.7701,-82.629,5.0,,,2018-03-31 17:23:11,Cfa,22.0,1020.0,,,f,Unknown,Unknown,Unknown,1,measured_on & rtw__304 & vatotal__305 & whtotal__306 & system_id
1331,[1331] St. Petersburg Parks CDP - Gladden Park Rec Center-Production Meter,1313,[1331] St. Petersburg Parks CDP - Gladden Park Rec Center-Production Meter,,27.8,-82.6867,5.0,,,2018-03-31 17:23:11,Cfa,22.0,1020.0,,,f,Unknown,Unknown,Unknown,1,measured_on & rtw__298 & vatotal__299 & whtotal__300 & system_id
1318,[1318] St. Petersburg Parks CDP - Crescent Lake Park MB-Production Meter,1300,[1318] St. Petersburg Parks CDP - Crescent Lake Park MB-Production Meter,,27.7883,-82.6414,5.0,,,2018-03-31 17:23:11,Cfa,22.0,1020.0,,,f,Unknown,Unknown,Unknown,1,measured_on & rtw__271 & vatotal__272 & whtotal__273 & system_id
1322,[1322] St. Petersburg Parks CDP - Walter Fuller Park MB-Production Meter,1304,[1322] St. Petersburg Parks CDP - Walter Fuller Park MB-Production Meter,,27.7955,-82.7476,5.0,,,2018-03-31 17:23:11,Cfa,22.0,1020.0,,,f,Unknown,Unknown,Unknown,1,measured_on & rtw__274 & vatotal__275 & whtotal__276 & system_id
1305,[1305] St. Petersburg Parks CDP - Azalea Park Rec Center,1287,[1305] St. Petersburg Parks CDP - Azalea Park Rec Center,,27.7863,-82.7379,5.0,,,2018-03-31 17:23:10,Cfa,22.0,1020.0,,,f,Unknown,Unknown,Unknown,1,measured_on & ac_current_1__58 & ac_current_2__64 & ac_current_3__70 & ac_frequency__57 & ac_power_1__60 & ac_power_2__66 & ac_power_3__72 & ac_power__76 & ac_voltage_1__61 & ac_voltage_2__67 & ac_voltage_3__73 & ambient_temp_f__54 & dc_current_1__59 & dc_current_2__65 & dc_current_3__71 & dc_power_1_calc__63 & dc_power_2_calc__69 & dc_power_3_calc__75 & dc_power__77 & dc_voltage_1__62 & dc_voltage_2__68 & dc_voltage_3__74 & intsolirrad__53 & module_temp_f__55 & wind_speed_mph__56 & system_id
1297,[1297] St. Petersburg Parks CDP - Demens Landing Park RB,1279,[1297] St. Petersburg Parks CDP - Demens Landing Park RB,,27.7701,-82.629,5.0,,,2018-03-31 17:23:10,Cfa,22.0,1020.0,,,f,Unknown,Unknown,Unknown,1,measured_on & ambient_temp_f__859 & intsolirrad__858 & module_temp_f__860 & wind_speed_mph__861 & system_id
1300,[1300] St. Petersburg Parks CDP - Demens Landing Park MB,1282,[1300] St. Petersburg Parks CDP - Demens Landing Park MB,,27.7701,-82.629,5.0,,,2018-03-31 17:23:10,Cfa,22.0,1020.0,,,f,Unknown,Unknown,Unknown,1,measured_on & ac_current__31 & ac_frequency__30 & ac_power__33 & ac_voltage__34 & ambient_temp_f__27 & dc_current__32 & dc_power_calc__36 & dc_voltage__35 & intsolirrad__26 & module_temp_f__28 & wind_speed_mph__29 & system_id
1312,[1312] St. Petersburg Parks CDP - Gladden Park Rec Center,1294,[1312] St. Petersburg Parks CDP - Gladden Park Rec Center,,27.8,-82.6867,5.0,,,2018-03-31 17:23:10,Cfa,22.0,1020.0,,,f,Unknown,Unknown,Unknown,1,measured_on & ac_current_1__179 & ac_current_2__185 & ac_current_3__191 & ac_frequency__178 & ac_power_1__181 & ac_power_2__187 & ac_power_3__193 & ac_power__197 & ac_voltage_1__182 & ac_voltage_2__188 & ac_voltage_3__194 & ambient_temp_f__175 & dc_current_1__180 & dc_current_2__186 & dc_current_3__192 & dc_power_1_calc__184 & dc_power_2_calc__190 & dc_power_3_calc__196 & dc_power__198 & dc_voltage_1__183 & dc_voltage_2__189 & dc_voltage_3__195 & intsolirrad__174 & module_temp_f__176 & wind_speed_mph__177 & system_id
1246,Residential - NOLA -3 - District A North,1234,Residential - NOLA -3 - District A North,,30.0017,-90.0926,10.0,26.7713,3.6,2018-03-31 17:23:10,Cfa,26.0,1020.0,177.0,32.0,f,poly 225,schott,multi-Si,16,measured_on & a_avg__3355 & ppv_avg__3354 & w_avg__3353 & wh_sum__3352 & system_id
1217,[1217] Mercury Solar Systems - Array 2,1208,[1217] Mercury Solar Systems - Array 2,,40.995,-73.668,75.0,31.451,4.1,2011-04-21 17:29:00,Cfa,11.0,1020.0,180.0,10.0,f,es-a-205,Evergreen,multi-Si,20,measured_on & a_avg__3266 & ppv_avg__3265 & w_avg__3264 & wh_sum__3263 & system_id
1223,[1223] Mercury Solar Systems - Array 3,1214,[1223] Mercury Solar Systems - Array 3,,40.995,-73.668,75.0,118.882,7.92,2011-04-21 17:53:00,Cfa,11.0,1020.0,180.0,,f,pvl-144,unisolar,amorphous si,55,measured_on & a_avg__3315 & ppv_avg__3314 & w_avg__3313 & wh_sum__3312 & system_id
1239,[1239] Univ. of Maine - Presque Isle,1228,[1239] Univ. of Maine - Presque Isle,,46.6704,-68.0178,197.0,146.7144,20.16,2011-09-20 05:00:00,Dfb,8.0,1020.0,155.0,10.0,f,nd-224uc1,Sharp,multi-Si,90,measured_on & ac_power_metered_kw__3015 & ambient_temp_f__3016 & module_temp_f__3019 & poa_irradiance__3018 & relative_humidity__3017 & total_energy_kwh__3022 & wind_direction__3021 & wind_speed_mph__3020 & system_id
1216,[1216] Mercury Solar Systems - Array 6,1207,[1216] Mercury Solar Systems - Array 6,,40.995,-73.668,75.0,44.787,8.1,2011-04-21 17:15:00,Cfa,11.0,1020.0,180.0,10.0,f,spr-225-blk-u,SunPower,mono-Si,36,measured_on & a_avg__3192 & w_n_avg__3190 & wh_n_sum__3189 & system_id
1220,[1220] Mercury Solar Systems - Array 4,1211,[1220] Mercury Solar Systems - Array 4,,40.995,-73.668,75.0,45.675,8.54,2011-04-21 17:38:00,Cfa,11.0,1020.0,180.0,,f,spr-305-wht-u,SunPower,mono-Si,28,measured_on & a_avg__3290 & w_n_avg__3288 & wh_n_sum__3287 & system_id
1350,Residential - NOLA -17 - Net Meter - District E,1331,Residential - NOLA -17 - Net Meter - District E,,29.9809,-90.0023,10.0,30.5946,4.23,2012-03-02 22:34:00,Cfa,26.0,1020.0,195.0,30.0,f,cs5p-235p,canadian solar,multi-Si,18,measured_on & a_avg__3535 & w_n_avg__3533 & wh_n_sum__3532 & system_id
1357,Residential - NOLA -24 - Net Meter - District E,1338,Residential - NOLA -24 - Net Meter - District E,,29.9809,-90.0023,10.0,22.519,2.8,2012-03-02 20:48:00,Cfa,26.0,1020.0,190.0,30.0,f,cs6p-200p,canadian solar,multi-Si,14,measured_on & a_avg__3563 & w_n_avg__3561 & wh_n_sum__3560 & system_id
1335,Residential - NOLA -2 - Net Meter - District B,1316,Residential - NOLA -2 - Net Meter - District B,,29.951,-90.0812,10.0,20.016,2.82,2012-03-07 23:14:00,Cfa,26.0,1020.0,170.0,32.0,f,pm-235p,conergy,multi-Si,12,measured_on & a_avg__3475 & w_n_avg__3473 & wh_n_sum__3472 & system_id
1337,Residential - NOLA -4 - Net Meter - District B,1318,Residential - NOLA -4 - Net Meter - District B,,29.951,-90.0812,10.0,36.8104,5.06,2012-03-07 00:52:00,Cfa,26.0,1020.0,165.0,28.0,f,poly 230,schott,multi-Si,22,measured_on & a_avg__3483 & w_n_avg__3481 & wh_n_sum__3480 & system_id
1311,[1311] St. Petersburg Parks CDP - Science Center of Pinellas Cnty,1293,[1311] St. Petersburg Parks CDP - Science Center of Pinellas Cnty,,27.7938,-82.7457,5.0,,,2018-03-31 17:23:10,Cfa,22.0,1020.0,,,f,Unknown,Unknown,Unknown,1,measured_on & ambient_temp_f__242 & intsolirrad__241 & module_temp_f__243 & wind_speed_mph__244 & system_id
1360,Residential - NOLA -27 - Net Meter - District E,1341,Residential - NOLA -27 - Net Meter - District E,,29.9809,-90.0023,10.0,22.519,2.8,2012-02-16 22:43:00,Cfa,26.0,1020.0,195.0,20.0,f,cs6p-200p,canadian solar,multi-Si,14,measured_on & a_avg__3575 & w_n_avg__3573 & wh_n_sum__3572 & system_id
1362,Residential - NOLA -29 - Net Meter - District B,1343,Residential - NOLA -29 - Net Meter - District B,,29.951,-90.0812,10.0,54.2161,9.46,2012-01-31 01:02:00,Cfa,26.0,1020.0,175.0,30.0,f,hit-220a,Sanyo,SJT,43,measured_on & a_avg__3583 & w_n_avg__3581 & wh_n_sum__3580 & system_id
1323,[1323] St. Petersburg Parks CDP - Wildwood Park MB-Production Meter,1305,[1323] St. Petersburg Parks CDP - Wildwood Park MB-Production Meter,,27.7589,-82.67,5.0,,,2018-03-31 17:23:11,Cfa,22.0,1020.0,,,f,Unknown,Unknown,Unknown,1,measured_on & rtw__3600 & vatotal__3601 & whtotal__3602 & system_id
1416,[1416] GSA Sanford Federal Building,1387,[1416] GSA Sanford Federal Building,,30.2672,-97.7431,200.0,,564.5,2018-03-31 17:23:11,Cfa,18.0,1020.0,180.0,10.0,f,Unknown,Unknown,Unknown,1,measured_on & ac_current__4749 & ac_current_pha__4762 & ac_current_phb__4763 & ac_current_phc__4764 & ac_voltage_ab__4756 & ac_voltage_ac__4758 & ac_voltage_an__4759 & ac_voltage_bc__4757 & ac_voltage_bn__4760 & ac_voltage_cn__4761 & ac_voltage_ltol__4747 & ac_voltage_lton__4748 & apparent_power_kva__4745 & das_battery_voltage__4733 & das_temp__4734 & dc_current_negative__4740 & dc_current_positive__4737 & dc_power__4742 & dc_power_negative__4741 & dc_power_positive__4738 & dc_voltage_negative__4739 & dc_voltage_positive__4736 & enclosure_temp__4735 & power_factor__4746 & power_factor_pha__4753 & power_factor_phb__4754 & power_factor_phc__4755 & reactive_power_kvar__4744 & real_power_kw__4743 & real_power_pha_kw__4750 & real_power_phb_kw__4751 & real_power_phc_kw__4752 & system_id
1268,Residential - NOLA -25 - District E,1256,Residential - NOLA -25 - District E,,29.9809,-90.0023,10.0,28.953,4.14,2018-03-31 17:23:10,Cfa,26.0,1020.0,195.0,28.0,f,cs6p-230p,canadian solar,multi-Si,18,measured_on & a_avg__3443 & ppv_avg__3442 & w_avg__3441 & wh_sum__3440 & system_id
1271,Residential - NOLA -28 - District E,1259,Residential - NOLA -28 - District E,,29.9809,-90.0023,10.0,30.5946,4.32,2018-03-31 17:23:10,Cfa,26.0,1020.0,195.0,28.0,f,cs5p-240p,canadian solar,multi-Si,18,measured_on & a_avg__3455 & ppv_avg__3454 & w_avg__3453 & wh_sum__3452 & system_id
1200,[1200] Distributed Sun - BWI Hilton,1197,[1200] Distributed Sun - BWI Hilton,,39.1958,-76.6808,155.0,362.162,51.84,2010-10-03 18:15:00,Cfa,16.0,1020.0,205.0,10.0,f,sw240,SolarWorld,mono-Si,216,measured_on & ac_frequency__4199 & ac_power__2751 & ac_power_metered_kw__4197 & power_factor__4198 & system_id
1420,[1420] Clark County-NV - Government Center,1391,[1420] Clark County-NV - Government Center,,36.1654,-115.1534,678.0,,30.0,2015-06-24 06:00:00,Bwh,30.0,955.0,180.0,10.0,f,spr-320e-wht-d,SunPower,mono-Si,112,measured_on & ac_current_iac__4817 & ac_kwhr_kwhac__4813 & ac_power_kwac__4812 & ac_voltage_vac__4816 & dc_current_i2__4815 & dc_power__5144 & dc_voltage_vdc__4814 & module_temp_f_temp1__4811 & poa_irradiance_sun__4810 & system_id
1199,[1199] Distributed Sun - Hunt Valley,1196,[1199] Distributed Sun - Hunt Valley,,39.4856,-76.6636,325.0,366.544,52.92,2010-05-26 15:45:00,Cfa,16.0,1020.0,180.0,20.0,f,280W,Suntech,multi-Si,189,measured_on & ac_power__2714 & dc_power__2715 & inv1_ac_power__2716 & inv1_dc_current__2719 & inv1_dc_power__2717 & inv1_dc_voltage__2718 & inv1_temp__2720 & inv2_ac_power__2721 & inv2_dc_current__2724 & inv2_dc_power__2722 & inv2_dc_voltage__2723 & inv2_temp__2725 & inv3_ac_power__2726 & inv3_dc_current__2729 & inv3_dc_power__2727 & inv3_dc_voltage__2728 & inv3_temp__2730 & inv4_ac_power__2731 & inv4_dc_current__2734 & inv4_dc_power__2732 & inv4_dc_temp__2735 & inv4_dc_voltage__2733 & inv5_ac_power__2736 & inv5_dc_current__2739 & inv5_dc_power__2737 & inv5_dc_voltage__2738 & inv5_temp__2740 & inv6_ac_power__2741 & inv6_dc_current__2744 & inv6_dc_power__2742 & inv6_dc_voltage__2743 & inv6_temp__2745 & inv7_ac_power__2746 & inv7_dc_current__2749 & inv7_dc_power__2747 & inv7_dc_voltage__2748 & inv7_temp__2750 & system_id
1422,[1422] RTC-VT-Baseline,1392,[1422] RTC-VT-Baseline,,44.4665,-73.1014,109.0,,6.0,2018-03-31 17:23:11,Dfb,,,180.0,35.0,f,opt270-60 blk-blk,suniva,mono-Si,24,measured_on & ambient_temp__4840 & inv1_ac_current__4829 & inv1_ac_power__4830 & inv1_ac_voltage__4828 & inv1_dc_current1__4826 & inv1_dc_current2__4827 & inv1_dc_voltage__4825 & inv2_ac_current__4835 & inv2_ac_power__4836 & inv2_ac_voltage__4834 & inv2_dc_current1__4832 & inv2_dc_current2__4833 & inv2_dc_voltage__4831 & module_temp_1__4841 & module_temp_2__4842 & module_temp_3__4843 & module_temp_4__4844 & module_temp_5__4845 & module_temp_6__4846 & module_temp_7__4847 & module_temp_8__4848 & poa_irradiance__4837 & poa_irradiance_refcell1__4838 & poa_irradiance_refcell2__4839 & system_id
1284,[1284] NREL CIGS-11,1272,[1284] NREL CIGS-11,,39.7405,-105.1774,1793.7,8.497,1.2,2012-06-29 16:30:00,Bsk,12.5,820.0,180.0,40.0,f,SF 150-L,solar frontier,Unknown,8,measured_on & ac_current__948 & ac_power__944 & ac_voltage__947 & ambient_temp__949 & das_battery_voltage__955 & das_temp_2__956 & das_temp__954 & dc_pos_current__946 & dc_pos_voltage__945 & dc_power__943 & inverter_temp__953 & module_temp_1__950 & module_temp_2__951 & module_temp_3__952 & poa_irradiance_2__942 & poa_irradiance__941 & power_factor__957 & system_id
10,[10] NREL CIS -1,19,[10] NREL CIS -1,,39.7404,-105.1774,1792.8,12.065,1.12,2006-01-09 22:45:00,Bsk,12.5,820.0,180.0,40.0,f,eclipse 80,shell solar,cis family thin-film,1,measured_on & ac_current__427 & ac_power__423 & ac_voltage__426 & ambient_temp__428 & das_temp__433 & dc_pos_current__425 & dc_pos_voltage__424 & dc_power__422 & inverter_temp__432 & module_temp_1__429 & module_temp_2__430 & module_temp_3__431 & poa_irradiance__421 & system_id
1245,Residential - NOLA -2 - District B,1233,Residential - NOLA -2 - District B,,29.951,-90.0812,10.0,20.016,2.82,2012-02-27 02:31:00,Cfa,26.0,1020.0,170.0,32.0,f,pm-235p,conergy,multi-Si,12,measured_on & a_avg__3351 & ppv_avg__3350 & w_avg__3349 & wh_sum__3348 & system_id
1363,Residential - NOLA -30 - Net Meter - District A South,1344,Residential - NOLA -30 - Net Meter - District A South,,29.9288,-90.1273,10.0,30.2602,5.16,2012-02-18 03:02:00,Cfa,26.0,1020.0,225.0,30.0,f,hit-215a,Sanyo,SJT,24,measured_on & a_avg__3587 & w_n_avg__3585 & wh_n_sum__3584 & system_id
1334,Residential - NOLA -1 - Net Meter - District A North,1315,Residential - NOLA -1 - Net Meter - District A North,,30.0017,-90.0926,10.0,23.28,3.24,2012-03-07 21:06:00,Cfa,26.0,1020.0,185.9,17.0,f,stp270-24-vb-1,Suntech,multi-Si,12,measured_on & a_avg__3471 & w_n_avg__3469 & wh_n_sum__3468 & system_id
1325,[1325] St. Petersburg Parks CDP - Campbell Park Rec Center-Production Meter,1307,[1325] St. Petersburg Parks CDP - Campbell Park Rec Center-Production Meter,,27.7643,-82.6497,5.0,,,2018-03-31 17:23:11,Cfa,22.0,1020.0,,,f,Unknown,Unknown,Unknown,1,measured_on & rtw__280 & vatotal__281 & whtotal__282 & system_id
1340,Residential - NOLA -7 - Net Meter - District B,1321,Residential - NOLA -7 - Net Meter - District B,,29.951,-90.0812,10.0,25.4955,3.45,2012-01-01 05:03:00,Cfa,26.0,1020.0,178.0,33.0,f,cs5p-230p,canadian solar,multi-Si,15,measured_on & a_avg__3495 & w_n_avg__3493 & wh_n_sum__3492 & system_id
1261,Residential - NOLA -18 - District E,1249,Residential - NOLA -18 - District E,,29.9809,-90.0023,10.0,30.5946,4.14,2018-03-31 17:23:10,Cfa,26.0,1020.0,195.0,15.0,f,cs5p-230p,canadian solar,multi-Si,18,measured_on & a_avg__3415 & ppv_avg__3414 & w_avg__3413 & wh_sum__3412 & system_id
1328,[1328] St. Petersburg Parks CDP - Walter Fuller Park Rec Center-Production Meter,1310,[1328] St. Petersburg Parks CDP - Walter Fuller Park Rec Center-Production Meter,,27.7955,-82.7476,5.0,,,2018-03-31 17:23:11,Cfa,22.0,1020.0,,,f,Unknown,Unknown,Unknown,1,measured_on & rtw__289 & vatotal__290 & whtotal__291 & system_id
1262,Residential - NOLA -19 - District E,1250,Residential - NOLA -19 - District E,,29.9809,-90.0023,10.0,30.5946,4.23,2018-03-31 17:23:10,Cfa,26.0,1020.0,195.0,30.0,f,cs5p-235p,canadian solar,multi-Si,18,measured_on & a_avg__3419 & ppv_avg__3418 & w_avg__3417 & wh_sum__3416 & system_id
1260,Residential - NOLA -17 - District E,1248,Residential - NOLA -17 - District E,,29.9809,-90.0023,10.0,30.5946,4.23,2012-03-02 18:26:00,Cfa,26.0,1020.0,195.0,30.0,f,cs5p-235p,canadian solar,multi-Si,18,measured_on & a_avg__3411 & ppv_avg__3410 & w_avg__3409 & wh_sum__3408 & system_id
1267,Residential - NOLA -24 - District E,1255,Residential - NOLA -24 - District E,,29.9809,-90.0023,10.0,22.519,2.8,2012-03-01 17:04:00,Cfa,26.0,1020.0,190.0,30.0,f,cs6p-200p,canadian solar,multi-Si,14,measured_on & a_avg__3439 & ppv_avg__3438 & w_avg__3437 & wh_sum__3436 & system_id
1203,[1203] Distributed Sun - EJ DeSeta,1201,[1203] Distributed Sun - EJ DeSeta,,39.7325,-75.5511,4.0,1351.4,197.47,2011-01-18 08:00:00,Cfa,16.0,1020.0,205.0,20.0,f,sw245 mono,SolarWorld,mono-Si,806,measured_on & ac_inverter_power__2911 & ac_meter_1_power_kw__2909 & ac_meter_2_power_kw__2910 & ac_power__2889 & ambient_temp_f__2891 & dc_power__2890 & gh_irradiance__2893 & inv1_ac_current__2898 & inv1_ac_power_hw__2895 & inv1_ac_voltage__2897 & inv1_dc_power_hw__2896 & inv1_error_code__2900 & inv1_power_factor__2901 & inv1_temp__2899 & inv2_ac_current__2905 & inv2_ac_power_hw__2902 & inv2_ac_voltage__2904 & inv2_dc_power_hw__2903 & inv2_error_code__2907 & inv2_power_factor__2908 & inv2_temp__2906 & module_temp_f__2894 & relative_humidity__2892 & system_id
1202,[1202] Distributed Sun - 6 Executive Campus,1200,[1202] Distributed Sun - 6 Executive Campus,,39.9292,-75.0472,19.0,362.162,51.84,2010-12-29 21:00:00,Cfa,16.0,1020.0,230.0,10.0,f,sw240,SolarWorld,mono-Si,216,measured_on & ac_power__2840 & ambient_temp_k__2807 & dc_power__2841 & inv1_ac_power__2810 & inv1_dc_current__2813 & inv1_dc_power__2811 & inv1_dc_voltage__2812 & inv1_temp__2814 & inv2_ac_power__2815 & inv2_dc_current__2818 & inv2_dc_power__2816 & inv2_dc_voltage__2817 & inv2_temp__2819 & inv3_ac_power__2820 & inv3_dc_current__2823 & inv3_dc_power__2821 & inv3_dc_voltage__2822 & inv3_temp__2824 & inv4_ac_power__2825 & inv4_dc_current__2828 & inv4_dc_power__2826 & inv4_dc_voltage__2827 & inv4_temp__2829 & inv5_ac_power__2830 & inv5_dc_current__2833 & inv5_dc_power__2831 & inv5_dc_voltage__2832 & inv5_temp__2834 & inv6_ac_power__2835 & inv6_dc_current__2838 & inv6_dc_power__2836 & inv6_dc_voltage__2837 & inv6_temp__2839 & module_temp_k__2808 & poa_irradiance__2806 & wind_speed__2809 & system_id
1250,Residential - NOLA -7 - District B,1238,Residential - NOLA -7 - District B,,29.951,-90.0812,10.0,25.4955,3.45,2011-01-21 16:30:00,Cfa,26.0,1020.0,178.0,33.0,f,cs5p-230p,canadian solar,multi-Si,15,measured_on & a_avg__3371 & ppv_avg__3370 & w_avg__3369 & wh_sum__3368 & system_id
1257,Residential - NOLA -14 - District A North,1245,Residential - NOLA -14 - District A North,,30.0017,-90.0926,10.0,33.5907,6.426,2018-03-31 17:23:10,Cfa,26.0,1020.0,244.0,33.3,f,e18/238,SunPower,mono-Si,27,measured_on & a_avg__3399 & ppv_avg__3398 & w_avg__3397 & wh_sum__3396 & system_id
1368,[1368] City of Henderson-NV - Heritage Park,1346,[1368] City of Henderson-NV - Heritage Park,,36.033,-114.9516,660.0,,,2013-05-29 11:09:00,Bwh,30.0,955.0,,,f,Unknown,Unknown,Unknown,1,measured_on & ac_frequency__3092 & ac_power__3094 & dc_power__3093 & inv1_ac_current__3098 & inv1_ac_power__3099 & inv1_ac_voltage__3097 & inv1_dc_current__3096 & inv1_dc_power__3176 & inv1_dc_voltage__3095 & inv2_ac_current__3103 & inv2_ac_power__3104 & inv2_ac_voltage__3102 & inv2_dc_current__3101 & inv2_dc_power__3177 & inv2_dc_voltage__3100 & inv3_ac_current__3108 & inv3_ac_power__3109 & inv3_ac_voltage__3107 & inv3_dc_current__3106 & inv3_dc_power__3178 & inv3_dc_voltage__3105 & inv4_ac_current__3113 & inv4_ac_power__3114 & inv4_ac_voltage__3112 & inv4_dc_current__3111 & inv4_dc_power__3179 & inv4_dc_voltage__3110 & inv5_ac_current__3118 & inv5_ac_power__3119 & inv5_ac_voltage__3117 & inv5_dc_current__3116 & inv5_dc_power__3180 & inv5_dc_voltage__3115 & inv6_ac_current__3123 & inv6_ac_power__3124 & inv6_ac_voltage__3122 & inv6_dc_current__3121 & inv6_dc_power__3181 & inv6_dc_voltage__3120 & system_id
1298,[1298] St. Petersburg Parks CDP - Azalea Park MB,1280,[1298] St. Petersburg Parks CDP - Azalea Park MB,,27.7863,-82.7379,5.0,,,2018-03-31 17:23:10,Cfa,22.0,1020.0,,,f,Unknown,Unknown,Unknown,1,measured_on & ambient_temp_f__17 & intsolirrad__16 & module_temp_f__18 & wind_speed_mph__19 & system_id
1214,[1214] Mercury Solar Systems - Array 1A,1206,[1214] Mercury Solar Systems - Array 1A,,40.995,-73.668,75.0,32.343,4.4,2011-04-21 17:15:00,Cfa,11.0,1020.0,180.0,10.0,f,stp200-18-ub-1,Suntech,multi-Si,22,measured_on & a_avg__3185 & ppv_avg__3184 & w_avg__3183 & wh_sum__3182 & system_id
1255,Residential - NOLA -12 - District D,1243,Residential - NOLA -12 - District D,,29.9922,-90.0495,10.0,23.352,3.36,2018-03-31 17:23:10,Cfa,26.0,1020.0,218.0,30.0,f,pm-240p,conergy,multi-Si,14,measured_on & a_avg__3391 & ppv_avg__3390 & w_avg__3389 & wh_sum__3388 & system_id
1314,[1314] St. Petersburg Parks CDP - Crisp Park RB-Production Meter,1296,[1314] St. Petersburg Parks CDP - Crisp Park RB-Production Meter,,27.805,-82.627,5.0,,,2018-03-31 17:23:10,Cfa,22.0,1020.0,,,f,Unknown,Unknown,Unknown,1,measured_on & rtw__261 & vatotal__262 & whtotal__263 & system_id
1345,Residential - NOLA -12 - Net Meter - District D,1326,Residential - NOLA -12 - Net Meter - District D,,29.9922,-90.0495,10.0,23.352,3.36,2012-03-06 17:22:00,Cfa,26.0,1020.0,218.0,30.0,f,pm-240p,conergy,multi-Si,14,measured_on & a_avg__3515 & w_n_avg__3513 & wh_n_sum__3512 & system_id
1231,[1231] FSEC - Zero Energy House - New Smyrna Beach,1221,[1231] FSEC - Zero Energy House - New Smyrna Beach,,29.0258,-80.9274,2.0,55.27,3.36,2000-07-29 22:00:00,Cfa,22.0,1020.0,270.0,20.0,f,PVL-120,unisolar,Unknown,28,measured_on & ac_power__896 & ambient_temp_f__895 & gh_irradiance__894 & poa_irradiance__893 & system_id
1273,Residential - NOLA -30 - District A South,1261,Residential - NOLA -30 - District A South,,29.9288,-90.1273,10.0,30.2602,5.16,2018-03-31 17:23:10,Cfa,26.0,1020.0,225.0,30.0,f,hit-215a,Sanyo,SJT,24,measured_on & a_avg__3463 & ppv_avg__3462 & w_avg__3461 & wh_sum__3460 & system_id
1338,Residential - NOLA -5 - Net Meter - District B,1319,Residential - NOLA -5 - Net Meter - District B,,29.951,-90.0812,10.0,75.6504,13.2,2012-03-06 22:19:00,Cfa,26.0,1020.0,175.0,32.0,f,hit-n220a01,Sanyo,SJT,60,measured_on & a_avg__3487 & w_n_avg__3485 & wh_n_sum__3484 & system_id
1229,[1229] FSEC - Zero Energy House - Lakeland,1219,[1229] FSEC - Zero Energy House - Lakeland,,28.0392,-81.95,58.0,34.15,4.05,1998-04-30 06:15:00,Cfa,21.0,1020.0,240.0,33.3,f,SP75,siemens,mono-Si,54,measured_on & dc_power__886 & dc_voltage__885 & gh_irradiance__880 & module_temp_south_f__881 & module_temp_west_f__882 & poa_irradiance__887 & poa_irradiance_south_array__878 & poa_irradiance_west_array__879 & relative_humidity__883 & wind_speed_mph__884 & system_id
1266,Residential - NOLA -23 - District E,1254,Residential - NOLA -23 - District E,,29.9809,-90.0023,10.0,22.519,2.8,2018-03-31 17:23:10,Cfa,26.0,1020.0,195.0,35.0,f,cs6p-200p,canadian solar,multi-Si,14,measured_on & a_avg__3435 & ppv_avg__3434 & w_avg__3433 & wh_sum__3432 & system_id
1304,[1304] St. Petersburg Parks CDP - Wildwood Park MB,1286,[1304] St. Petersburg Parks CDP - Wildwood Park MB,,27.7589,-82.67,5.0,,,2018-03-31 17:23:10,Cfa,22.0,1020.0,,,f,Unknown,Unknown,Unknown,1,measured_on & ambient_temp_f__201 & intsolirrad__200 & module_temp_f__202 & wind_speed_mph__203 & system_id
1225,[1225] Mercury Solar Systems - Array 1B,1216,[1225] Mercury Solar Systems - Array 1B,,40.995,-73.668,75.0,32.343,4.4,2011-04-21 18:41:00,Cfa,11.0,1020.0,180.0,10.0,f,stp200-18-ub-1,Suntech,multi-Si,22,measured_on & a_avg__3331 & ppv_avg__3330 & w_avg__3329 & wh_sum__3328 & system_id
1226,[1226] Mercury Solar Systems - Array 8A,1217,[1226] Mercury Solar Systems - Array 8A,,40.995,-73.668,75.0,22.086,3.85,2011-04-21 18:41:00,Cfa,11.0,1020.0,180.0,10.0,f,stp175-24-ab-1,Suntech,multi-Si,22,measured_on & a_avg__3338 & w_n_avg__3336 & wh_n_sum__3335 & system_id
1433,[1433] NREL RSF1,1401,[1433] NREL RSF1,,39.7404,-105.1719,1780.0,,449.28,2011-01-01 07:00:00,Bsk,12.5,820.0,180.0,10.0,f,hit-205a,Sanyo,SJT,936,measured_on & ac_power__5069 & ambient_temp__5062 & kwh_gross__5065 & kwh_net__5066 & module_temp__5063 & poa_irradiance__5061 & system_id
1431,[1431] NREL Windsite PV 1-axis,1399,[1431] NREL Windsite PV 1-axis,,39.9094,-105.2311,1850.0,,1082.85,2009-11-01 06:00:00,Bsk,12.5,820.0,,,t,es-190-sl,Evergreen,ribbon polycrystalline si,2835,measured_on & ambient_temp__5079 & kwh_gross__5082 & kwh_net__5083 & module_temp__5080 & poa_irradiance__5078 & system_id
1364,Residential - NOLA -31 - Net Meter - District A North,1345,Residential - NOLA -31 - Net Meter - District A North,,30.0017,-90.0926,10.0,29.3526,5.76,2012-03-15 22:07:00,Cfa,26.0,1020.0,180.0,15.0,f,spr-e19-320,SunPower,mono-Si,18,measured_on & a_avg__3591 & w_n_avg__3589 & wh_n_sum__3588 & system_id
1346,Residential - NOLA -13 - Net Meter - District A South,1327,Residential - NOLA -13 - Net Meter - District A South,,29.9288,-90.1273,10.0,45.6596,8.82,2012-03-09 18:03:00,Cfa,26.0,1020.0,198.0,,f,spr-e19-315,SunPower,mono-Si,28,measured_on & a_avg__3519 & w_n_avg__3517 & wh_n_sum__3516 & system_id
1315,[1315] St. Petersburg Parks CDP - Dell Holmes Park RB-Production Meter,1297,[1315] St. Petersburg Parks CDP - Dell Holmes Park RB-Production Meter,,27.7427,-82.663,5.0,,,2018-03-31 17:23:10,Cfa,22.0,1020.0,,,f,Unknown,Unknown,Unknown,1,measured_on & rtw__265 & vatotal__266 & whtotal__267 & system_id
1201,[1201] Distributed Sun - 5 Executive Campus,1199,[1201] Distributed Sun - 5 Executive Campus,,39.9283,-75.0481,18.0,959.058,140.14,2011-01-24 18:00:00,Cfa,16.0,1020.0,230.0,10.0,f,sw245 mono,SolarWorld,mono-Si,572,measured_on & ac_current__2794 & ac_power_hw__2801 & ac_voltage__2793 & ambient_temp_k__2790 & dc_current__2796 & dc_power_hw__2800 & dc_voltage__2795 & inverter_error_code__2798 & inverter_temp__2797 & module_temp_k__2791 & poa_irradiance__2789 & power_factor__2799 & wind_speed__2792 & system_id
1320,[1320] St. Petersburg Parks CDP - Lake Vista Park MB-Production Meter,1302,[1320] St. Petersburg Parks CDP - Lake Vista Park MB-Production Meter,,27.714,-82.6525,5.0,,,2018-03-31 17:23:11,Cfa,22.0,1020.0,,,f,Unknown,Unknown,Unknown,1,measured_on & rtw__310 & vatotal__311 & whtotal__312 & system_id
1359,Residential - NOLA -26 - Net Meter - District E,1340,Residential - NOLA -26 - Net Meter - District E,,29.9809,-90.0023,10.0,30.5946,4.14,2012-03-01 18:51:00,Cfa,26.0,1020.0,195.0,30.0,f,cs5p-230p,canadian solar,multi-Si,18,measured_on & a_avg__3571 & w_n_avg__3569 & wh_n_sum__3568 & system_id
1244,[1244] Residential - NOLA -1 - District A North,1232,[1244] Residential - NOLA -1 - District A North,,30.0017,-90.0926,10.0,23.28,3.24,2018-03-31 17:23:10,Cfa,26.0,1020.0,185.9,17.0,f,stp270-24-vb-1,Suntech,multi-Si,12,measured_on & a_avg__3347 & ppv_avg__3346 & w_avg__3345 & wh_sum__3344 & system_id
1419,[1419] Clark County-NV - Hollywood Rec Center,1390,[1419] Clark County-NV - Hollywood Rec Center,,36.1534,-115.0256,779.0,,40.0,2015-06-24 06:00:00,Bwh,30.0,955.0,210.0,10.0,f,sw280 mono,SolarWorld,mono-Si,156,measured_on & ambient_temp_f_tempf__4803 & poa_irradiance_sun__4796 & wind_direction_winddirection__4805 & wind_speed_mph_windspeed__4804 & system_id
34,[34] Andre Agassi Preparatory Academy - Building A,40,[34] Andre Agassi Preparatory Academy - Building A,,36.1952,-115.1582,620.0,996.0278,146.64,2010-08-23 17:15:00,Bwh,30.0,955.0,180.0,11.2,f,nu-u240f1,Sharp,mono-Si,611,measured_on & ac_current__2685 & ac_power_hw__2695 & ac_voltage__2684 & ambient_temp_f__2688 & dc_current__2683 & dc_power_hw__2694 & dc_voltage__2682 & inverter_error_code__2690 & inverter_temp__2686 & module_temp_f__2689 & poa_irradiance__2679 & power_factor_1000__2693 & relative_humidity__2687 & wind_direction__2692 & wind_speed_mph__2691 & system_id
1294,[1294] St. Petersburg Parks CDP - Coquina Key Park RB,1276,[1294] St. Petersburg Parks CDP - Coquina Key Park RB,,27.7374,-82.6311,5.0,,,2018-03-31 17:23:10,Cfa,22.0,1020.0,,,f,Unknown,Unknown,Unknown,1,measured_on & ambient_temp_f__2 & intsolirrad__1 & module_temp_f__3 & wind_speed_mph__4 & system_id
